ring,x,y
1,2.1068609108,-0.147326067
2,3.4082416621,-0.238327474
3,6.499233439,-0.454470674
4,9.7017687875,-0.678413762
1,2.1209192372,-0.111152667
2,3.3405541395,-0.175071024
3,6.3118226598,-0.330788609
4,10.257124934,-0.53755314
1,1.4699085342,-0.051330337
2,3.7644939816,-0.131459027
3,6.2497205733,-0.218245052
4,9.9578036982,-0.347734168
1,1.9461259504,-0.033969755
2,3.6562936133,-0.063820842
3,6.5110157543,-0.113650203
4,10.058952132,-0.175579663
1,1.6635435441,0
2,3.6181659338,0
3,6.5920973602,0
4,10.332944672,0
1,1.6024951524,0.0279716569
2,3.6279358912,0.0633258565
3,6.2505297988,0.1091034035
4,10.098065701,0.1762623925
1,1.7719542267,0.0618780051
2,3.554383473,0.1241218059
3,6.2988272858,0.2199598957
4,10.271473183,0.3586877474
1,1.6259969261,0.085214888
2,3.8659854196,0.2026077106
3,6.3953374466,0.3351654333
4,10.066876101,0.5275826208
1,1.7715102747,0.1238760658
2,3.6812183338,0.2574158622
3,6.5045870112,0.4548450327
4,10.280013103,0.7188485431
1,2.0469272254,0.1790829273
2,3.8776841248,0.3392534017
3,6.5123943106,0.5697606746
4,9.8334292696,0.8603135847
1,1.6132821449,0.1695627861
2,3.3517542564,0.3522835679
3,6.3277231631,0.665070504
4,9.7036215741,1.0198917249
1,1.589843818,0.1952082751
2,3.8046332711,0.4671502256
3,6.4352355078,0.7901475661
4,10.157766743,1.2472169293
1,2.1792574916,0.3062746669
2,3.6325459675,0.5105210424
3,6.3595275741,0.8937733136
4,10.183663552,1.431220576
1,1.7120018529,0.2711544553
2,3.3606711658,0.5322780217
3,6.5178436835,1.0323250239
4,9.9887000626,1.582054669
1,1.3957191799,0.2461029489
2,3.5947021948,0.6338429846
3,6.4982679135,1.145819961
4,9.7333511607,1.7162524223
1,1.9574441903,0.3804886068
2,3.4900063896,0.6783885209
3,6.3403696247,1.2324430077
4,9.783972813,1.90181166
1,2.0453714178,0.4347571159
2,3.106495316,0.6603059632
3,6.2177701146,1.3216278368
4,9.6914615769,2.0599837504
1,1.9743473426,0.4558139996
2,3.6248083425,0.8368529452
3,6.3019385077,1.4549171438
4,10.151770171,2.343720816
1,1.6729916785,0.417123674
2,3.696263914,0.9215820997
3,6.2364204772,1.5549142625
4,9.736700657,2.4276321291
1,1.8862916772,0.5054303316
2,3.5976036702,0.9639749981
3,5.786126615,1.5503879538
4,9.6465067333,2.584773689
1,1.5329047068,0.4395533515
2,3.711008802,1.0641146505
3,6.2110179722,1.7809807444
4,9.730502912,2.7901768111
1,1.5013635962,0.4590129154
2,3.6717763698,1.1225746917
3,5.9608518752,1.8224153059
4,9.4937184785,2.90252102
1,1.5993649799,0.5196651834
2,3.2251304702,1.0479084127
3,6.4393141805,2.0922600075
4,9.2728346722,3.0129266249
1,1.4120369818,0.4862033238
2,3.3344762951,1.1481522643
3,6.1789856336,2.1275953758
4,9.4661249366,3.2594482065
1,1.4456768968,0.5261833588
2,2.943843768,1.0714715059
3,6.0474804751,2.2011028852
4,9.5566362467,3.4783311335
1,1.45052534,0.5568045099
2,3.3913463699,1.3018159017
3,5.9731118972,2.2928628346
4,9.2065815955,3.5340755601
1,1.5767929323,0.6370656973
2,3.4508178998,1.3942209321
3,5.7468051822,2.3218600084
4,9.7497008716,3.9391348462
1,1.3640880811,0.5790210375
2,3.2229937798,1.3680796923
3,5.8277227325,2.4737215358
4,9.0693467377,3.8497092896
1,1.591472221,0.7085690847
2,3.3415116052,1.4877368189
3,6.1473517042,2.7369773174
4,9.2585367316,4.1221661369
1,1.8895709988,0.8811214274
2,3.1829242354,1.4842219463
3,5.8237415375,2.7156552781
4,9.4422924257,4.4030132686
1,1.4867078798,0.7251158827
2,3.403608393,1.660050732
3,5.9274937581,2.8910318743
4,9.01079838,4.3948600189
1,1.5123288671,0.7705700458
2,3.21536156,1.6383085441
3,5.6783913405,2.8932849002
4,9.242034571,4.709051819
1,1.6067088071,0.8543022267
2,3.4649518425,1.8423475749
3,5.7931920353,3.0802948446
4,8.8524449388,4.7069284672
1,1.8065071672,1.0013632743
2,3.3950052007,1.8818821125
3,5.6606764296,3.1377641823
4,8.8029541275,4.8795571524
1,1.73567619,1.0020931155
2,3.2176213467,1.8576945507
3,5.5006643155,3.1758100233
4,8.5300103302,4.9248037603
1,1.3843578842,0.8318061352
2,2.8154118928,1.6916701327
3,5.6828860315,3.4146224188
4,8.4936716855,5.1035128267
1,1.372498615,0.85763232
2,3.0031965488,1.8766054811
3,5.5210319015,3.4499236262
4,8.5090229372,5.3170276481
1,1.45602149,0.9455514114
2,2.9661802658,1.9262599874
3,5.3670831848,3.4854245735
4,8.5404393929,5.546226191
1,1.4641106157,0.9875550799
2,2.7803630425,1.8753785521
3,5.1757525153,3.4910891526
4,8.6217525054,5.815445495
1,1.6422265751,1.1498994273
2,2.8434279857,1.99098971
3,5.2398421007,3.668976938
4,8.1770358824,5.7256221651
1,1.1598686235,0.8426938819
2,2.7431737691,1.9930324049
3,5.3009148115,3.8513400479
4,7.8952634399,5.7362446589
1,1.4761706391,1.1123743637
2,2.8084400703,2.1163113894
3,4.7531332456,3.5817428079
4,8.0115314495,6.0371219713
1,1.5861483179,1.2392348823
2,2.8335113297,2.2137816744
3,5.106158554,3.9893682849
4,8.142526907,6.3616392359
1,1.242213075,1.005924314
2,2.8947104989,2.3440903428
3,4.7138671407,3.8172143452
4,7.7303615633,6.2599233648
1,1.3853775722,1.1624698099
2,2.7994916925,2.3490524467
3,4.8926295386,4.1054036414
4,7.854173951,6.5904344655
1,1.7665024653,1.5355971654
2,2.7119654927,2.3574756363
3,5.2249230535,4.5419563166
4,7.6051606457,6.6110652882
1,1.6525241961,1.4879394695
2,2.755148055,2.4807464513
3,4.4700892003,4.0248863943
4,7.8039781574,7.0267334946
1,1.0050355342,0.9372107978
2,2.7919894553,2.6035722874
3,4.4855779102,4.1828690713
4,7.3030781159,6.8102305183
1,1.2678290798,1.2243283107
2,2.4468591648,2.362904429
3,4.6150858528,4.4567366028
4,7.1689609786,6.922985144
1,1.260825867,1.260825867
2,2.4942221277,2.4942221277
3,4.6417541998,4.6417541998
4,7.3712751822,7.3712751822
1,1.1810754629,1.2230394447
2,2.499995194,2.5888208077
3,4.5077735005,4.6679361074
4,6.9450164432,7.1917750567
1,1.0794440258,1.1575619975
2,2.506724644,2.6881330729
3,4.1623584972,4.4635830124
4,6.8033287129,7.2956768357
1,1.0741697558,1.1929863738
2,2.1662582291,2.4058734996
3,4.3644806768,4.8472468604
4,6.6094502673,7.340538183
1,1.3002808494,1.4958020096
2,2.3315499514,2.6821414039
3,4.2599268042,4.9004852127
4,6.5792355622,7.5685447344
1,1.1459619935,1.3657043228
2,2.6147818202,3.1161756281
3,4.2070953535,5.0138210019
4,6.5212278511,7.7716967196
1,1.0481764019,1.2943900582
2,2.3159734526,2.8599890313
3,4.0022934467,4.9424207969
4,6.391673479,7.8930594048
1,1.3279837134,1.6997416417
2,2.1216019573,2.7155266721
3,3.7614330822,4.8144147987
4,6.4521504178,8.2583759369
1,0.9200770664,1.2209835064
2,2.2779899531,3.022994771
3,4.0005261298,5.3088774843
4,6.092088318,8.0844742552
1,0.9639362944,1.3267444881
2,1.9521330992,2.6868807041
3,3.7155243703,5.1139805684
4,5.8496689051,8.0513785217
1,0.7262953261,1.0372572223
2,1.8969842581,2.7091742871
3,3.5047611398,5.005317636
4,5.8871693779,8.4077492123
1,0.9606836478,1.4242720793
2,2.1542624493,3.1938254233
3,3.6595463582,5.4255005932
4,5.6482966935,8.3739442163
1,0.7949236892,1.2240751378
2,2.1406919868,3.2963765887
3,3.4227728207,5.2706079456
4,5.2762972733,8.1247853098
1,0.9322126575,1.4918521041
2,1.8495607602,2.9599159482
3,3.3804083604,5.4097842215
4,5.368387429,8.5912157679
1,0.8790106996,1.4629194721
2,1.7458836338,2.9056383103
3,3.3095421003,5.5080030135
4,5.1916718939,8.6403930121
1,1.0392371029,1.8000114633
2,1.7089717713,2.9600259365
3,3.1358403121,5.431434745
4,5.0889370269,8.8142974872
1,0.8007811975,1.4446475218
2,1.8842873311,3.39934433
3,2.9673611727,5.3532612627
4,4.8462757676,8.7429129199
1,0.8122985969,1.5277114689
2,1.6794219888,3.1585333807
3,2.9799800424,5.6045273319
4,4.7514777706,8.9362299927
1,0.7857262797,1.5420746509
2,1.5142900568,2.9719615738
3,2.8429382821,5.5795805389
4,4.613029944,9.0535810303
1,0.7303142908,1.4973661959
2,1.6724030021,3.4289343
3,2.8928576443,5.9312371413
4,4.413948317,9.0499351909
1,0.817745326,1.7536605109
2,1.3958366862,2.9933814335
3,2.7332145697,5.8613975599
4,4.2323787887,9.0763656026
1,0.747954633,1.6799336109
2,1.4041731559,3.1538245451
3,2.5891865989,5.8154083156
4,4.3255004409,9.7152330558
1,0.689021276,1.6232324032
2,1.436719454,3.3846989246
3,2.4664265111,5.8105367314
4,3.8868833366,9.1569233043
1,0.6977691726,1.7270393057
2,1.2766375583,3.1597888371
3,2.4441742839,6.0495436376
4,3.9260705878,9.7173656975
1,0.5977249082,1.557126622
2,1.4409004097,3.7536739006
3,2.1846240076,5.6911401128
4,3.6276484281,9.4503472506
1,0.6404880002,1.7597263179
2,1.2666830306,3.4801830242
3,2.1384205043,5.8752620489
4,3.425224221,9.4107262038
1,0.5501199504,1.5976643439
2,1.2551796961,3.6453065268
3,2.0223584396,5.8733553788
4,3.3144929548,9.6259864934
1,0.6144883749,1.8912007552
2,1.0845003005,3.3377487209
3,1.9840454751,6.1062640957
4,3.1350912621,9.6488187649
1,0.5828509783,1.9064196486
2,1.086437813,3.5535779655
3,1.8762712876,6.1370068541
4,2.9345706746,9.598548175
1,0.4312799071,1.5040517774
2,1.0591309885,3.6936287071
3,1.7787960307,6.2033989701
4,2.8111933389,9.8037962544
1,0.4724294583,1.7631307415
2,0.9524396549,3.5545531832
3,1.7074953693,6.3724594721
4,2.6556308007,9.9109490742
1,0.3715920665,1.4903743752
2,0.8674317168,3.4790785908
3,1.5228538135,6.1078330399
4,2.4676659122,9.8972673911
1,0.4133059659,1.7902248198
2,0.8780700199,3.8033391072
3,1.4930010402,6.466897986
4,2.3372761891,10.123855425
1,0.387833187,1.8246116888
2,0.693585442,3.2630629537
3,1.2942146783,6.0888013437
4,2.128898713,10.015680985
1,0.2970047865,1.5279571671
2,0.6698021054,3.4458331111
3,1.2460400826,6.4103205111
4,1.8714625931,9.6278403992
1,0.2767469586,1.5695099949
2,0.6547619962,3.7133398054
3,1.1348241397,6.4359075119
4,1.7590454364,9.9760424031
1,0.2517682273,1.5896020263
2,0.5494816271,3.4692904556
3,1.0685372601,6.7464787448
4,1.5311933841,9.6675745482
1,0.2516067837,1.7902752909
2,0.4436319955,3.1566056686
3,0.8673704362,6.1716613397
4,1.404630599,9.9944660354
1,0.2205711265,1.7964076658
2,0.4423199324,3.6024067614
3,0.7799834121,6.3524551165
4,1.2420571675,10.115743856
1,0.158895279,1.5117875948
2,0.3693880918,3.5144929301
3,0.6966393588,6.6280807529
4,1.0389950866,9.8853779196
1,0.1517429324,1.7344296536
2,0.3380009866,3.863368955
3,0.5740197357,6.5610756022
4,0.8990157438,10.275796972
1,0.1099172326,1.5718896589
2,0.2415891109,3.4548852457
3,0.4456779543,6.3734916821
4,0.691578854,9.8900383819
1,0.070741097,1.3498205417
2,0.1948435391,3.7178362025
3,0.3104500997,5.9237407874
4,0.5299540539,10.11212574
1,0.0678741512,1.9436613862
2,0.1249983324,3.5794839051
3,0.2263165387,6.4808577255
4,0.3509283931,10.04927435
1,0.0286542886,1.6416030959
2,0.0650954814,3.7293176306
3,0.1169478617,6.6999385095
4,0.1780309104,10.199384024
1,9.662823E-17,1.5780588215
2,2.378079E-16,3.8836972499
3,3.954411E-16,6.4580432564
4,6.458099E-16,10.546875585
1,-0.029853457,1.7103033846
2,-0.055598201,3.1852188269
3,-0.115499403,6.616956371
4,-0.17340033,9.934098259
1,-0.056618864,1.6213521424
2,-0.119694176,3.4275927419
3,-0.224648051,6.4330784824
4,-0.360061993,10.31082643
1,-0.099564664,1.8998069592
2,-0.196414956,3.7478206231
3,-0.356083509,6.7944781141
4,-0.525555684,10.028199849
1,-0.127565556,1.824272449
2,-0.264243333,3.7788557221
3,-0.433678041,6.2018849307
4,-0.708790241,10.136172683
1,-0.111976826,1.2799009775
2,-0.313691083,3.5855054888
3,-0.533864668,6.1021010754
4,-0.904228454,10.33537852
1,-0.193654306,1.842497643
2,-0.368639564,3.5073711653
3,-0.694770598,6.6103006773
4,-1.050682287,9.9965742038
1,-0.184505008,1.5026727049
2,-0.408824675,3.3296097825
3,-0.789294873,6.4282908804
4,-1.274097508,10.376691484
1,-0.181461348,1.2911645827
2,-0.507673783,3.6122866642
3,-0.867577286,6.1731331547
4,-1.383767077,9.846014365
1,-0.280278243,1.7696071837
2,-0.537736276,3.3951332292
3,-0.972405937,6.1395294578
4,-1.564773082,9.8795884157
1,-0.255918098,1.4513836551
2,-0.640316848,3.6314173009
3,-1.093476469,6.2014132184
4,-1.772626425,10.053064019
1,-0.254577828,1.3096893861
2,-0.686679057,3.5326575002
3,-1.225626967,6.3053041334
4,-1.949613214,10.029890492
1,-0.258945129,1.2182410495
2,-0.790609078,3.7195232715
3,-1.3002982,6.1174220609
4,-2.080397027,9.7874984906
1,-0.39746394,1.7216054657
2,-0.829162657,3.5914980452
3,-1.471644575,6.3743929739
4,-2.214479255,9.5919634659
1,-0.470484465,1.8870101232
2,-0.886903581,3.5571759741
3,-1.578608684,6.3314536126
4,-2.560806553,10.270834095
1,-0.408835748,1.5257957833
2,-0.923936107,3.4481764927
3,-1.67590971,6.2545801875
4,-2.620678287,9.780504519
1,-0.455273288,1.5877266399
2,-0.968408232,3.3772408564
3,-1.748809687,6.0988241624
4,-2.813787865,9.8128444425
1,-0.576169287,1.8845648203
2,-1.158954893,3.7907706463
3,-1.902839721,6.2239082852
4,-3.028178131,9.9047243704
1,-0.582297334,1.7921269189
2,-1.109047076,3.4132959283
3,-1.926087854,5.9278888781
4,-3.268941043,10.060766033
1,-0.683242439,1.9842801235
2,-1.168483594,3.393522765
3,-2.111980556,6.133636903
4,-3.336358755,9.6894893893
1,-0.574087044,1.5772911892
2,-1.185172272,3.2562340557
3,-2.112830633,5.8049544546
4,-3.496162829,9.6056284272
1,-0.645920365,1.6826800798
2,-1.308321345,3.4082936281
3,-2.28429896,5.9508022413
4,-3.628261504,9.4519443677
1,-0.669985969,1.6582734644
2,-1.388517958,3.4367025442
3,-2.320892802,5.7444112635
4,-3.771738483,9.3353803342
1,-0.783424761,1.8456330763
2,-1.387405039,3.2685214443
3,-2.656833864,6.2591083453
4,-3.970873417,9.3547915329
1,-0.682187811,1.5322189104
2,-1.479816915,3.3237232104
3,-2.706644653,6.0792234247
4,-4.112143168,9.2360247745
1,-0.823717732,1.7664683764
2,-1.447361878,3.1038775634
3,-2.852575972,6.1173689134
4,-4.343798445,9.3153058263
1,-0.760768514,1.5598066062
2,-1.539145294,3.1557155082
3,-2.716446117,5.5695399082
4,-4.454994244,9.1340918129
1,-0.87711809,1.7214411777
2,-1.859043734,3.6485787633
3,-2.898440333,5.6885094462
4,-4.553541581,8.9368285432
1,-0.684327669,1.2870331585
2,-1.762458859,3.3147030211
3,-3.00025724,5.6426631942
4,-4.676944518,8.7960533321
1,-0.965000408,1.7409068198
2,-1.679976698,3.0307581913
3,-3.041284088,5.4866217321
4,-4.885934473,8.8144591188
1,-0.720043624,1.2471521396
2,-1.751536544,3.0337502847
3,-2.986280515,5.1723895783
4,-5.157072102,8.9323108985
1,-0.746794685,1.2428750717
2,-1.708849251,2.8440027471
3,-2.916373616,4.8536607721
4,-5.203277841,8.6597085523
1,-0.913075822,1.4612267661
2,-2.099374162,3.3597009608
3,-3.676793515,5.884099618
4,-5.338044311,8.5426566277
1,-0.95486389,1.4703614492
2,-1.93285414,2.9763343702
3,-3.391062601,5.2217784894
4,-5.597061462,8.6187188456
1,-0.955394346,1.4164303667
2,-2.057725943,3.0507041665
3,-3.474012314,5.1504350605
4,-5.794371966,8.5905097145
1,-1.089114573,1.5554168059
2,-2.082259726,2.9737750766
3,-3.609963642,5.1555623804
4,-5.655403336,8.0767530019
1,-1.004086379,1.3820063389
2,-2.079740612,2.8625173772
3,-3.741977412,5.1503900565
4,-6.103240737,8.4003902069
1,-1.306385978,1.7336327467
2,-2.061823751,2.7361325321
3,-3.7204064,4.9371460474
4,-5.949264233,7.8949402926
1,-1.090379665,1.3956223285
2,-2.262902979,2.8963837327
3,-3.92501495,5.023790041
4,-6.40556991,8.1987556059
1,-0.917767407,1.1333483616
2,-2.220647231,2.7422709507
3,-3.984516514,4.9204681135
4,-6.339988516,7.8292337903
1,-1.122529229,1.3377782419
2,-2.381846668,2.8385743239
3,-3.956556387,4.7152402888
4,-6.370108193,7.5915993242
1,-0.996715946,1.1465905349
2,-2.4044764,2.7660336862
3,-4.058899662,4.6692299395
4,-6.846200775,7.875653081
1,-1.238122712,1.3750745787
2,-2.208454042,2.4527366973
3,-4.278594447,4.751860539
4,-6.885877821,7.6475420832
1,-1.218252661,1.3064160341
2,-2.52053911,2.7029472738
3,-4.502500981,4.8283411692
4,-6.817152658,7.310501202
1,-0.997004904,1.0324288016
2,-2.36524063,2.4492783715
3,-4.385055176,4.5408575628
4,-6.983260156,7.2313775807
1,-1.332548256,1.3325482562
2,-2.665775353,2.6657753528
3,-4.605337342,4.6053373422
4,-7.447275709,7.4472757089
1,-1.332208622,1.286498912
2,-2.620087209,2.530188807
3,-4.51050737,4.3557463362
4,-7.31992326,7.0687677244
1,-1.473467117,1.3740303156
2,-2.463815817,2.2975454188
3,-4.7097826,4.3919433268
4,-7.678115346,7.1599583933
1,-1.164391358,1.0484226882
2,-2.760769708,2.4858082101
3,-4.682505759,4.2161471228
4,-7.930507669,7.1406611785
1,-1.209241282,1.0511774095
2,-2.859730088,2.4859254395
3,-5.098496866,4.4320557088
4,-7.390975066,6.4248766042
1,-1.495027077,1.2544766693
2,-2.684298711,2.2523940581
3,-5.01779183,4.210427274
4,-7.789088401,6.5358212044
1,-1.436745683,1.1634537141
2,-2.567383362,2.0790260532
3,-5.241038339,4.2441091647
4,-8.101632467,6.5605726149
1,-1.393820561,1.0889719699
2,-2.643975781,2.0657002745
3,-5.275742613,4.1218618725
4,-7.978391638,6.2334027098
1,-1.45798119,1.098667631
2,-2.586279091,1.9489010837
3,-5.198171925,3.917103507
4,-7.967100388,6.0036407652
1,-1.416619407,1.0292342453
2,-2.735616159,1.9875414797
3,-5.289978455,3.8433943195
4,-8.485547337,6.165111014
1,-1.524551989,1.0675027951
2,-3.02437551,2.1176905306
3,-5.146922421,3.6039138776
4,-8.288761038,5.8038529611
1,-1.299408709,0.8764622411
2,-2.92502732,1.9729558393
3,-5.417288741,3.6540073941
4,-8.486121988,5.7239615557
1,-1.358285525,0.8820809339
2,-2.953575167,1.9180741405
3,-5.457398152,3.5440757991
4,-8.424085175,5.4706648786
1,-1.376497134,0.860130872
2,-2.833087119,1.7703093119
3,-5.216809208,3.2598241888
4,-8.618277856,5.3852976985
1,-1.619745875,0.9732415092
2,-3.114356817,1.8712943647
3,-5.755804116,3.4584360244
4,-8.754253672,5.2600862804
1,-1.619588468,0.9350698379
2,-3.412258404,1.9700683081
3,-5.653829299,3.2642398678
4,-8.924092059,5.1523269525
1,-1.675508809,0.9287496985
2,-3.352629806,1.8583930478
3,-5.541099743,3.0714817424
4,-8.954702907,4.9636728743
1,-1.597984351,0.849663351
2,-3.24106355,1.7233040584
3,-5.557171279,2.9548003824
4,-8.895043294,4.7295784145
1,-1.699588909,0.8659838029
2,-3.027368141,1.5425211128
3,-5.602765995,2.8547518619
4,-8.896391406,4.53293783
1,-1.586396843,0.7737374386
2,-3.663294321,1.7867080217
3,-5.990799091,2.9219079483
4,-9.018591024,4.3986607453
1,-1.637185138,0.7634319676
2,-3.322475867,1.5492959408
3,-5.819558277,2.7137045914
4,-9.249015475,4.3128867462
1,-1.552037704,0.6910117064
2,-3.258056076,1.4505800233
3,-6.197325691,2.75922717
4,-9.074088658,4.0400445638
1,-1.644954822,0.6982418958
2,-3.345037298,1.4198840923
3,-6.051610292,2.5687561664
4,-8.962779569,3.8044742105
1,-1.961184118,0.7923698172
2,-3.371759895,1.3622794249
3,-6.129059756,2.476300881
4,-9.379268976,3.7894706454
1,-1.442023028,0.5535407781
2,-3.486120707,1.3381963612
3,-6.022776163,2.3119271599
4,-9.640234806,3.7005394314
1,-1.503759344,0.5473236406
2,-3.371092958,1.2269774936
3,-6.206095776,2.2588341336
4,-9.223725211,3.3571614257
1,-1.387422173,0.4777277653
2,-3.456627832,1.1902124116
3,-6.426188602,2.212714184
4,-9.367138278,3.2253643668
1,-1.713118431,0.5566259203
2,-3.431463981,1.1149502342
3,-6.144853467,1.9965839217
4,-9.582107463,3.1134154461
1,-1.822256977,0.5571198675
2,-3.612419578,1.1044274994
3,-6.186834174,1.8915050281
4,-9.644702535,2.9486814785
1,-1.391945775,0.3991340283
2,-3.436575935,0.985422292
3,-6.085964518,1.7451222433
4,-9.376176703,2.6885754056
1,-1.028398718,0.2755586059
2,-3.367136852,0.9022216004
3,-6.264338814,1.6785245262
4,-9.659518442,2.5882601658
1,-1.828385806,0.4558677814
2,-3.295684891,0.8217065319
3,-5.90116973,1.4713268632
4,-9.853489188,2.4567507804
1,-1.31310488,0.3031541484
2,-3.594572868,0.8298725358
3,-6.419822697,1.4821328534
4,-9.81804641,2.266674615
1,-1.673557417,0.3557256103
2,-3.74448374,0.795914589
3,-6.408386048,1.3621445043
4,-9.945049822,2.1138855959
1,-1.760296214,0.3421669223
2,-3.713388116,0.7218095299
3,-6.304426354,1.2254563436
4,-9.862495411,1.9170749068
1,-2.015406361,0.3553705185
2,-3.43646348,0.6059412298
3,-6.80698671,1.2002554143
4,-9.660957656,1.7034874943
1,-1.856525692,0.2940447827
2,-3.674943745,0.5820539083
3,-6.451578229,1.021829607
4,-10.06435421,1.594037109
1,-1.712469949,0.2406719561
2,-3.53598588,0.4969504071
3,-6.381278242,0.8968301705
4,-9.809404313,1.3786218701
1,-1.645954901,0.2020978498
2,-3.331968254,0.4091142591
3,-6.522087741,0.8008116794
4,-10.05074199,1.2340759421
1,-1.805780665,0.1897951959
2,-3.372868014,0.3545027133
3,-6.10354725,0.6415086661
4,-10.05729373,1.0570641661
1,-1.991151017,0.1742031414
2,-3.873552984,0.3388919737
3,-6.351653405,0.5556976676
4,-9.903649458,0.8664570552
1,-1.845716903,0.1290650988
2,-3.562248865,0.2490967065
3,-6.071069536,0.4245305377
4,-9.611145454,0.6720767607
1,-1.715578659,0.0899096677
2,-3.562327355,0.1866936658
3,-6.637024994,0.347831741
4,-9.941327745,0.5210029103
1,-1.919215991,0.0670204992
2,-3.623284346,0.1265278774
3,-6.227168473,0.2174575148
4,-9.982308494,0.3485898939
1,-1.676171441,0.0292576813
2,-3.670549284,0.0640696761
3,-6.22597901,0.1086748679
4,-9.988129437,0.1743434478
1,-1.697727537,2.079117E-16
2,-3.739890226,4.580045E-16
3,-6.23373654,7.634126E-16
4,-10.00963601,1.225827E-15
1,-1.93259208,-0.03373352
2,-3.77451362,-0.06588438
3,-6.432080113,-0.112272376
4,-10.29954228,-0.179779179
1,-1.526557628,-0.053308567
2,-3.659875562,-0.127805671
3,-6.464143244,-0.225732856
4,-9.896634045,-0.345598076
1,-2.069982963,-0.10848321
2,-3.775159328,-0.197847717
3,-6.216812529,-0.325809339
4,-10.33510904,-0.541640114
1,-1.836743646,-0.128437627
2,-3.503516863,-0.244989765
3,-6.212160641,-0.434396589
4,-10.02078373,-0.700721459
1,-1.816116447,-0.158889601
2,-3.378031297,-0.295539444
3,-6.20795719,-0.543125878
4,-10.38526139,-0.908592639
1,-1.613100571,-0.169543702
2,-3.43653145,-0.36119401
3,-6.553013213,-0.688749442
4,-10.12203772,-1.063869033
1,-1.715724469,-0.210664476
2,-3.534477617,-0.433979282
3,-6.349251583,-0.779590068
4,-10.04410982,-1.233261613
1,-1.840135924,-0.258614239
2,-3.460212307,-0.486301126
3,-6.193650355,-0.870460791
4,-9.9434943,-1.397466989
1,-1.953488705,-0.309402215
2,-3.918186362,-0.620579754
3,-6.424362995,-1.017519137
4,-9.83681573,-1.557998554
1,-1.533437028,-0.270386321
2,-3.467165996,-0.611354912
3,-6.171272383,-1.088161826
4,-9.910026419,-1.747405037
1,-1.911141377,-0.371488252
2,-3.791102571,-0.73691569
3,-6.339894561,-1.232350665
4,-10.02223442,-1.948125025
1,-1.969348577,-0.418597962
2,-3.890208296,-0.8268893
3,-6.488618634,-1.379198467
4,-9.736375693,-2.06953054
1,-1.562138735,-0.360648144
2,-3.639334332,-0.840206534
3,-6.348974685,-1.465776301
4,-9.526066723,-2.199265793
1,-1.34947744,-0.336462515
2,-3.52007529,-0.877653342
3,-5.990528927,-1.493606613
4,-9.799834437,-2.443373148
1,-1.530667171,-0.410141032
2,-3.357308998,-0.899588235
3,-5.849141061,-1.567272624
4,-9.38031583,-2.513448051
1,-1.927734685,-0.552769026
2,-3.398072312,-0.974381556
3,-6.338820456,-1.817627517
4,-9.438655652,-2.706490956
1,-1.567602595,-0.47926421
2,-3.134174968,-0.958213449
3,-6.075872772,-1.857580723
4,-9.642660868,-2.948057278
1,-1.250534369,-0.406323247
2,-3.3809837,-1.098548197
3,-5.921166476,-1.923903613
4,-9.273134852,-3.013024159
1,-1.897993581,-0.6535316
2,-3.416583258,-1.176423959
3,-5.974738359,-2.057267399
4,-9.779666605,-3.367409261
1,-1.439357706,-0.523883362
2,-3.476732349,-1.265427088
3,-6.00554193,-2.185838503
4,-9.548028184,-3.475198055
1,-1.739589913,-0.667766003
2,-3.199268817,-1.228084237
3,-5.965244817,-2.289842946
4,-9.73241656,-3.735924691
1,-1.902921394,-0.768830149
2,-3.805882326,-1.537676272
3,-5.706201534,-2.30545507
4,-9.582277058,-3.871491235
1,-1.605730988,-0.681592366
2,-3.382578247,-1.43581928
3,-5.769549493,-2.44902846
4,-9.323982652,-3.957795822
1,-1.607446103,-0.715681115
2,-3.501351078,-1.558901937
3,-5.856271667,-2.607380135
4,-9.38563745,-4.178755023
1,-1.672636346,-0.779963138
2,-3.051426035,-1.422903328
3,-6.084917569,-2.837443662
4,-9.104004708,-4.245267115
1,-1.445402656,-0.704969979
2,-3.259214283,-1.589625019
3,-5.707325784,-2.783648779
4,-8.959581055,-4.36987966
1,-1.681103044,-0.856564784
2,-3.209447702,-1.635295283
3,-5.614070362,-2.860511725
4,-9.134034915,-4.654023246
1,-1.616852015,-0.859695466
2,-3.103224926,-1.650013961
3,-5.714258571,-3.038325177
4,-8.874109553,-4.718447747
1,-1.41870556,-0.786401333
2,-3.180914576,-1.763209742
3,-5.351411823,-2.966336012
4,-9.110977217,-5.050297139
1,-1.516481021,-0.875540726
2,-3.151919137,-1.819761362
3,-5.799271827,-3.348211151
4,-8.711700279,-5.029702501
1,-1.532434595,-0.920779599
2,-2.97525469,-1.787713375
3,-5.29386964,-3.180877789
4,-8.496132408,-5.104991378
1,-1.566435397,-0.978817471
2,-2.974428001,-1.858628897
3,-5.57639146,-3.484516118
4,-8.350124433,-5.217736843
1,-1.386151842,-0.900177531
2,-2.836052488,-1.84175402
3,-5.669822141,-3.68202555
4,-8.82504472,-5.731051052
1,-1.289150132,-0.869542743
2,-3.257141107,-2.196969417
3,-5.103417726,-3.442298721
4,-8.175550346,-5.514478338
1,-1.736427257,-1.215859455
2,-3.13911917,-2.198034906
3,-5.200079049,-3.641134549
4,-8.139446291,-5.69930165
1,-1.724938699,-1.253241323
2,-3.078121254,-2.236385997
3,-5.233375652,-3.802269976
4,-8.03911198,-5.840756741
1,-1.675783874,-1.262793725
2,-2.939142465,-2.214802708
3,-5.249762314,-3.955979654
4,-8.059184088,-6.07303081
1,-1.432575348,-1.119250528
2,-3.244547184,-2.53491808
3,-4.784349509,-3.737943504
4,-8.100945885,-6.329152581
1,-1.237806562,-1.00235599
2,-2.930087253,-2.372737873
3,-4.961713956,-4.017916739
4,-8.017928709,-6.492790648
1,-1.290585092,-1.082929474
2,-2.694098358,-2.260616939
3,-4.83158018,-4.054177147
4,-7.702337676,-6.463028703
1,-1.397244945,-1.2146065
2,-2.595292636,-2.256053469
3,-4.70186667,-4.08727034
4,-7.419023653,-6.449258869
1,-1.35717186,-1.222003031
2,-2.907432952,-2.617864389
3,-4.576277357,-4.12049864
4,-7.357505656,-6.624727848
1,-1.126459578,-1.05044055
2,-2.743966497,-2.558790154
3,-4.553203546,-4.245930997
4,-7.302822722,-6.80999236
1,-1.30645087,-1.26162494
2,-2.432518077,-2.349055401
3,-4.59378349,-4.43616515
4,-7.463623739,-7.207537664
1,-1.168871143,-1.168871143
2,-2.692264219,-2.692264219
3,-4.472470761,-4.472470761
4,-7.135661554,-7.135661554
1,-1.293630949,-1.339594063
2,-2.547738987,-2.638260953
3,-4.563895533,-4.726052173
4,-7.127611932,-7.380858221
1,-1.325428128,-1.421347652
2,-2.674317709,-2.867854632
3,-4.185707078,-4.488621299
4,-6.780977365,-7.271707949
1,-1.133593889,-1.25898356
2,-2.230979862,-2.477754155
3,-4.157985235,-4.617910438
4,-6.988682132,-7.761717838
1,-1.100847069,-1.266379689
2,-2.396296103,-2.756623331
3,-4.21633634,-4.850340119
4,-6.693529208,-7.700024533
1,-0.924567754,-1.101856943
2,-2.266668945,-2.701310859
3,-3.794361135,-4.521943514
4,-6.307038132,-7.516435352
1,-1.284338091,-1.586025456
2,-2.36516563,-2.920736311
3,-3.874084225,-4.784095594
4,-6.429363968,-7.939603283
1,-0.988107058,-1.26471936
2,-2.350889711,-3.009001614
3,-3.981192164,-5.095693597
4,-6.043074425,-7.734782543
1,-0.82870868,-1.099733563
2,-2.115457191,-2.807306511
3,-3.983458043,-5.286227368
4,-6.087173395,-8.077951932
1,-1.01004641,-1.390209617
2,-2.10086304,-2.891589906
3,-3.775482954,-5.196506479
4,-6.043622534,-8.31833279
1,-1.038158791,-1.482644408
2,-2.108777669,-3.011646625
3,-3.604601316,-5.147904184
4,-5.594973379,-7.990450079
1,-1.123545189,-1.665724243
2,-1.943468153,-2.881310027
3,-3.573437669,-5.297839212
4,-5.563811299,-8.248689467
1,-0.951417265,-1.465054112
2,-2.152695119,-3.314859791
3,-3.535751242,-5.444579459
4,-5.430300047,-8.361928785
1,-0.811802185,-1.299155067
2,-1.830782435,-2.929864346
3,-3.384857389,-5.416904156
4,-5.248296194,-8.399029618
1,-1.00703144,-1.675981764
2,-1.958559004,-3.259589565
3,-3.340900216,-5.560191682
4,-5.304390294,-8.827987933
1,-0.756693718,-1.310631966
2,-1.617222586,-2.801111686
3,-3.212097472,-5.563516021
4,-5.141104107,-8.90465352
1,-0.852698145,-1.538308175
2,-1.674020232,-3.020012443
3,-3.090207296,-5.574881535
4,-5.036447442,-9.085991702
1,-0.887649667,-1.669426221
2,-1.747010897,-3.285649629
3,-2.996903266,-5.636355287
4,-4.725371749,-8.887131706
1,-0.821690069,-1.612657562
2,-1.792375759,-3.517735494
3,-2.825656417,-5.545662969
4,-4.501023754,-8.833756504
1,-0.788281908,-1.616217423
2,-1.55030876,-3.178604007
3,-2.860351097,-5.864588843
4,-4.55140064,-9.331754216
1,-0.798311415,-1.711984354
2,-1.540136758,-3.302833935
3,-2.848455936,-6.108533468
4,-4.297904915,-9.216886834
1,-0.764260251,-1.716556629
2,-1.425228041,-3.20111459
3,-2.692010286,-6.046354098
4,-4.263561468,-9.576115844
1,-0.666314586,-1.569738793
2,-1.305503232,-3.075572877
3,-2.574632845,-6.065454879
4,-3.87286849,-9.123906396
1,-0.728259522,-1.802505569
2,-1.364101085,-3.376268662
3,-2.432091942,-6.019638792
4,-3.753057166,-9.289142452
1,-0.575415725,-1.499009212
2,-1.330540477,-3.466176447
3,-2.249516847,-5.860191739
4,-3.765504129,-9.809473629
1,-0.610162314,-1.676407179
2,-1.209571699,-3.323270931
3,-2.185579776,-6.004831084
4,-3.342112271,-9.182377997
1,-0.580832438,-1.686859886
2,-1.176568671,-3.417003533
3,-2.179870407,-6.330803349
4,-3.252599972,-9.44623622
1,-0.537183496,-1.653280801
2,-1.150594206,-3.541164846
3,-2.051868479,-6.315001838
4,-3.221839242,-9.915801593
1,-0.549241501,-1.796488
2,-0.984447088,-3.219981336
3,-1.912655547,-6.256014404
4,-2.948731829,-9.644867223
1,-0.427886775,-1.492218521
2,-1.025852633,-3.577573289
3,-1.700992692,-5.932066484
4,-2.727984813,-9.51361364
1,-0.485605081,-1.812302837
2,-0.951046402,-3.549353494
3,-1.667326743,-6.222548117
4,-2.609756983,-9.739745654
1,-0.446662136,-1.791463978
2,-0.863540693,-3.463472547
3,-1.626818672,-6.52481331
4,-2.534323215,-10.16461523
1,-0.431781933,-1.870253026
2,-0.867138313,-3.75598868
3,-1.514182426,-6.558644649
4,-2.198296386,-9.521867762
1,-0.357513099,-1.681966892
2,-0.794637202,-3.738474107
3,-1.285914176,-6.049750552
4,-2.039157242,-9.593480561
1,-0.392135009,-2.017359738
2,-0.701187235,-3.607295604
3,-1.17012404,-6.019766329
4,-1.905526761,-9.803085349
1,-0.255250921,-1.447599906
2,-0.639517728,-3.626885267
3,-1.090144041,-6.182514078
4,-1.698416254,-9.632197222
1,-0.262628386,-1.658170372
2,-0.52819825,-3.334912502
3,-1.045311854,-6.599839304
4,-1.550265328,-9.787990065
1,-0.2814178,-2.002391694
2,-0.507152661,-3.608578689
3,-0.844115907,-6.006196767
4,-1.423190717,-10.12652814
1,-0.208577985,-1.698731367
2,-0.441643276,-3.596895836
3,-0.769841018,-6.269851947
4,-1.268487459,-10.3310013
1,-0.192709297,-1.833506485
2,-0.369077539,-3.511538219
3,-0.667784743,-6.353547417
4,-1.078336574,-10.25968717
1,-0.152968051,-1.748432822
2,-0.327347726,-3.741601629
3,-0.553853761,-6.330577455
4,-0.895103298,-10.23107751
1,-0.142399205,-2.0364035
2,-0.235889228,-3.373373127
3,-0.454137148,-6.494463791
4,-0.691750265,-9.892489676
1,-0.092648467,-1.767838069
2,-0.193750071,-3.696971583
3,-0.352038893,-6.71730224
4,-0.512950239,-9.787673618
1,-0.051133615,-1.464275158
2,-0.12562452,-3.597415577
3,-0.219183141,-6.276583949
4,-0.352420147,-10.0919926
1,-0.034803524,-1.993892552
2,-0.066804378,-3.827220275
3,-0.112109078,-6.422724788
4,-0.179808648,-10.30123055
1,-3.67832E-16,-2.00238173
2,-6.9491E-16,-3.782912861
3,-1.13859E-15,-6.198195032
4,-1.8303E-15,-9.963706335
1,0.0363638328,-2.083282586
2,0.0613864291,-3.516826168
3,0.1135628239,-6.506009821
4,0.172026478,-9.855390326
1,0.0705553273,-2.020440223
2,0.1132178875,-3.242136102
3,0.232029743,-6.644462489
4,0.3544033188,-10.1487832
1,0.0839240735,-1.601366718
2,0.180393568,-3.442114328
3,0.325864683,-6.217868558
4,0.5238056034,-9.994806316
1,0.1339891834,-1.916134593
2,0.2349363743,-3.359746681
3,0.4390844971,-6.279200852
4,0.7184442587,-10.27423157
1,0.1374366175,-1.570907726
2,0.2841543911,-3.247899552
3,0.5704816797,-6.520635436
4,0.8846249054,-10.11130894
1,0.1867956661,-1.777242046
2,0.4119315544,-3.919266939
3,0.6846196733,-6.513721084
4,1.0712645584,-10.19240144
1,0.2327090873,-1.895263424
2,0.4580228198,-3.730296516
3,0.8118025407,-6.611601122
4,1.2567954067,-10.23577718
1,0.2456540426,-1.747919337
2,0.5430493616,-3.863996985
3,0.8698384102,-6.189221888
4,1.4245429844,-10.13615002
1,0.2279598767,-1.439282017
2,0.566353121,-3.575812876
3,0.9774110921,-6.171130763
4,1.5405375438,-9.72657125
1,0.2581175082,-1.463857131
2,0.6877467631,-3.900405714
3,1.1037646136,-6.259760186
4,1.7748614279,-10.06573935
1,0.3400031262,-1.749164448
2,0.6555138826,-3.372326577
3,1.2286323701,-6.320765594
4,1.9374153294,-9.967137814
1,0.3332379301,-1.567761199
2,0.7517764506,-3.536830125
3,1.2877447566,-6.058362755
4,2.0656035216,-9.717900522
1,0.3789652027,-1.641478633
2,0.7853534841,-3.401739669
3,1.4158252536,-6.132612928
4,2.2951655942,-9.941454399
1,0.4433900064,-1.778340184
2,0.8905566933,-3.571827806
3,1.565190819,-6.277637494
4,2.4723670287,-9.916122539
1,0.4259808135,-1.589782039
2,0.993426412,-3.707517843
3,1.7125150125,-6.391193035
4,2.6608574015,-9.930455014
1,0.4413889504,-1.539306201
2,0.9793449646,-3.415381775
3,1.6744700635,-5.839571085
4,2.6988133902,-9.411880798
1,0.4713690859,-1.541778809
2,1.0273410891,-3.360281291
3,1.7779745638,-5.815492758
4,2.9278106699,-9.576437196
1,0.5321928482,-1.637921168
2,1.1210002525,-3.450084022
3,1.9721030265,-6.069509018
4,3.0956986838,-9.527580875
1,0.5534027556,-1.607198303
2,1.2800536241,-3.717545659
3,2.1646651139,-6.28664397
4,3.271811535,-9.50203065
1,0.5658550421,-1.554673951
2,1.1525601085,-3.166632873
3,2.1720806639,-5.967742577
4,3.3960589572,-9.3305953
1,0.7494759281,-1.952451545
2,1.3242100924,-3.449685231
3,2.3103822427,-6.018751516
4,3.6564812117,-9.52545922
1,0.6339325772,-1.569038188
2,1.3481350621,-3.336751369
3,2.4675557478,-6.107414791
4,3.7780473338,-9.350995287
1,0.6560621334,-1.545585529
2,1.4133662317,-3.329682181
3,2.541822723,-5.988159075
4,3.9274408721,-9.25247087
1,0.7673294088,-1.72345007
2,1.516979454,-3.407191639
3,2.4768117623,-5.5630103
4,4.2958467946,-9.648629876
1,0.7309360651,-1.56749745
2,1.5346813486,-3.291134773
3,2.7930771594,-5.989773298
4,4.2756896642,-9.169246075
1,0.9143503987,-1.874696135
2,1.7386745581,-3.564811126
3,2.7167660003,-5.570195767
4,4.4423174988,-9.108100633
1,0.6682574527,-1.311529097
2,1.4542744238,-2.854174262
3,2.8400985362,-5.574007224
4,4.6379322634,-9.102454584
1,0.9110178924,-1.713375461
2,1.6660153701,-3.133319198
3,2.911899359,-5.476486189
4,4.6248359026,-8.69805128
1,0.777046323,-1.401828675
2,1.8195694125,-3.282590114
3,3.0502076074,-5.502720187
4,4.8210485364,-8.69740179
1,0.9489501511,-1.643629876
2,1.9226256081,-3.330085237
3,3.3301593654,-5.768005218
4,5.1647503073,-8.945609941
1,0.9921309642,-1.651183208
2,1.6967898574,-2.823932546
3,3.4671086663,-5.770237816
4,5.2914443119,-8.8064422
1,0.8586790279,-1.374173698
2,1.8129172713,-2.901274108
3,3.3581097504,-5.374098986
4,5.3506139678,-8.562772284
1,0.7875431721,-1.212710138
2,2.1498432309,-3.310468269
3,3.4008426617,-5.236838462
4,5.4270895709,-8.356985086
1,0.953048339,-1.412952269
2,2.1095322122,-3.12751012
3,3.5704757936,-5.293448051
4,5.7844705002,-8.575830187
1,0.9512849718,-1.358575736
2,2.181548039,-3.115573483
3,3.7428815314,-5.345388799
4,5.7066671748,-8.149965351
1,1.0724309135,-1.47607452
2,2.2807962716,-3.139246753
3,3.7251351512,-5.127208673
4,5.9070228993,-8.130319522
1,1.0388626663,-1.378617322
2,2.2108551198,-2.933903838
3,3.5907220177,-4.76504906
4,6.0364564026,-8.01064821
1,0.949659318,-1.215508498
2,2.0807330092,-2.663216804
3,3.6591076433,-4.683444209
4,6.0959819752,-7.802501119
1,0.973839432,-1.202591546
2,2.3517206948,-2.904133199
3,3.9653036239,-4.89674217
4,6.5955060439,-8.14477166
1,1.2222640949,-1.456637626
2,2.1689508021,-2.584854911
3,4.2042914927,-5.010479491
4,6.3927767902,-7.618614706
1,1.0475368835,-1.205053336
2,2.3461813106,-2.698972857
3,4.4731134697,-5.145728417
4,6.8639310221,-7.896049397
1,1.0549966927,-1.17169253
2,2.3193084873,-2.575853032
3,4.3313351413,-4.810435014
4,6.7184615742,-7.461607505
1,1.1659487455,-1.250326952
2,2.5399479917,-2.723760751
3,4.2178126875,-4.523050351
4,6.8326507506,-7.327120872
1,1.3245483897,-1.37161001
2,2.6218619792,-2.715017558
3,4.2046864957,-4.354080326
4,7.160625942,-7.415045229
1,1.2267827135,-1.226782713
2,2.4780573861,-2.478057386
3,4.4056839211,-4.405683921
4,7.4319360517,-7.431936052
1,1.3339929113,-1.28822198
2,2.3888395975,-2.306875584
3,4.6828216193,-4.522148272
4,7.0967347323,-6.853237069
1,1.3946589654,-1.300540525
2,2.7179362339,-2.534516541
3,4.6395080782,-4.326411275
4,7.3311944203,-6.836449396
1,1.2915725184,-1.162937119
2,2.7904374081,-2.512521128
3,5.0260781911,-4.52550113
4,7.6105783425,-6.852595519
1,1.2652853714,-1.099895793
2,2.647496649,-2.301433725
3,4.8719542313,-4.2351252
4,7.4905674904,-6.511450978
1,1.3654629354,-1.145759445
2,2.6938616434,-2.260418311
3,4.9796188067,-4.178396304
4,7.6065805844,-6.382678963
1,1.086531826,-0.879856124
2,2.9135536824,-2.359349252
3,5.0096936133,-4.056769899
4,7.8308708919,-6.341314214
1,1.2038138683,-0.940522472
2,2.8618015606,-2.235884425
3,5.026966676,-3.927496809
4,8.2229340649,-6.424460193
1,1.5625911516,-1.177496891
2,2.9827741544,-2.247681545
3,5.2419771944,-3.950113145
4,8.3448109942,-6.288266122
1,1.512753144,-1.099079494
2,3.0116003975,-2.188055766
3,5.5058310829,-4.000220434
4,8.2417343985,-5.987970545
1,1.4999140695,-1.050251138
2,2.9189232781,-2.043852083
3,5.3523767112,-3.747774521
4,8.2842442893,-5.8006903
1,1.1798324537,-0.795807038
2,3.1339626932,-2.113884528
3,5.1631755508,-3.482605883
4,8.3524399043,-5.633791852
1,1.324360683,-0.860049884
2,2.9967061862,-1.946083752
3,5.318144452,-3.453643389
4,8.4832270356,-5.509072052
1,1.4635163869,-0.914506536
2,2.7776405806,-1.735662469
3,5.32630053,-3.32824196
4,8.5697460106,-5.354971636
1,1.578792759,-0.948634394
2,3.1950049127,-1.91975263
3,5.6362565129,-3.386604577
4,8.5567097433,-5.141389913
1,1.8665998448,-1.077681923
2,3.1660750238,-1.827934267
3,5.6649961725,-3.270687065
4,9.1346162942,-5.273873176
1,1.4573582337,-0.80782686
2,2.9115963926,-1.613924235
3,5.3332665918,-2.956277946
4,8.980054265,-4.977725362
1,1.3345318115,-0.709583151
2,3.0899023011,-1.642930196
3,5.8756014652,-3.124112716
4,8.9584639667,-4.763299784
1,1.8045984854,-0.919488854
2,3.6067729461,-1.837742607
3,5.79847326,-2.954469694
4,9.25169776,-4.71397546
1,1.8359261775,-0.895441027
2,3.1762849386,-1.549177675
3,5.7421473401,-2.800632386
4,9.0373938385,-4.407831491
1,1.383378993,-0.645080219
2,3.3575658059,-1.565658648
3,5.687660881,-2.652199826
4,9.4075555768,-4.38681521
1,1.4900431336,-0.663409945
2,3.2605208474,-1.45167741
3,5.6900141655,-2.533357526
4,9.4631814105,-4.213279818
1,1.4636545384,-0.621284491
2,3.6743277528,-1.559659598
3,5.8566144772,-2.485985354
4,9.5008183721,-4.032858132
1,1.7626838617,-0.712170508
2,3.3616432936,-1.358192053
3,5.9077841518,-2.386899734
4,9.4265818562,-3.80858629
1,1.40147876,-0.537977292
2,3.1808697562,-1.2210215
3,5.8989804599,-2.264406442
4,9.5398504599,-3.662005491
1,1.5639135793,-0.569217992
2,3.3282215644,-1.211373582
3,6.0623250035,-2.206505852
4,9.3780583478,-3.413334094
1,1.8071195056,-0.622241146
2,3.2548748559,-1.120743291
3,5.9212917517,-2.038864256
4,9.7883975603,-3.37041557
1,1.5312218363,-0.497524134
2,3.1893993052,-1.036298653
3,6.0449397816,-1.964119998
4,9.4772282367,-3.07933812
1,1.3114618143,-0.400954114
2,3.3920054735,-1.037040145
3,6.0871560497,-1.861030367
4,9.8161212157,-3.001089429
1,1.7961438245,-0.515035954
2,3.8116684708,-1.092978346
3,5.854374561,-1.678714892
4,9.4124447658,-2.698975105
1,1.5597418434,-0.417931567
2,3.4211748958,-0.91670105
3,6.2127197451,-1.664693239
4,9.6309076942,-2.580593939
1,1.592389862,-0.397027384
2,3.7663409646,-0.939054271
3,6.1682435074,-1.537915835
4,9.8564286831,-2.457483679
1,2.1375860767,-0.493500631
2,3.6594834912,-0.844858334
3,6.4760185758,-1.495106694
4,9.5598665227,-2.207069091
1,1.5681477535,-0.333320095
2,3.7154946192,-0.789752761
3,6.4748399435,-1.376269716
4,10.126540017,-2.152462528
1,1.8562148833,-0.360811623
2,3.4538861145,-0.671367451
3,6.6117960705,-1.285202964
4,9.7990969083,-1.904751486
1,1.5731406128,-0.277387134
2,3.5706685682,-0.629605208
3,6.3376253157,-1.117494337
4,9.6540333135,-1.702266546
1,1.8469409745,-0.292526713
2,3.7083715793,-0.587348357
3,6.0934243608,-0.965103607
4,9.9301109329,-1.572775062
1,1.8907895058,-0.265733135
2,3.6832670629,-0.517649427
3,6.2688355506,-0.881027381
4,10.136253505,-1.424557528
1,1.5847545077,-0.194583386
2,3.4739206167,-0.426543818
3,6.3440160668,-0.778947227
4,10.061358975,-1.235379544
1,1.860130736,-0.195507619
2,3.7845433575,-0.397771535
3,6.1142947457,-0.642638273
4,9.8081207671,-1.030875033
1,1.7545785772,-0.153505735
2,3.7840141165,-0.331058338
3,6.6358681075,-0.580563232
4,10.279523385,-0.899341763
